id_transecto,transecto,site,elev,year,abundancia,long_total,den
16_14,Laguna Seca,LS,2282,2012,990,182.64,5.420499342969777
16_14,Laguna Seca,LS,2282,2013,1415,304.4,4.648488830486203
16_14,Laguna Seca,LS,2282,2014,647,243.52,2.6568659658344282
16_14,Laguna Seca,LS,2282,2015,385,182.64,2.107971966710469
16_14,Laguna Seca,LS,2282,2016,660,273.96,2.4091108190976787
16_14,Laguna Seca,LS,2282,2017,542,243.52,2.2256898817345596
16_14,Laguna Seca,LS,2282,2019,914,243.52,3.7532851511169514
16_14,Laguna Seca,LS,2282,2020,483,243.52,1.9834099868593955
16_15,Altas cumbres,AC,3126,2012,101,192.54,0.5245663238807521
16_15,Altas cumbres,AC,3126,2013,95,160.45,0.5920847616079776
16_15,Altas cumbres,AC,3126,2014,71,160.45,0.442505453412278
16_15,Altas cumbres,AC,3126,2015,38,96.27,0.3947231744053184
16_15,Altas cumbres,AC,3126,2016,57,160.45,0.3552508569647866
16_15,Altas cumbres,AC,3126,2017,131,224.63,0.5831812313582335
16_15,Altas cumbres,AC,3126,2019,86,192.54,0.44666043419549184
16_15,Altas cumbres,AC,3126,2020,78,192.54,0.4051106263633531
16_16,Borreguiles San Juan,BOSJ,2545,2012,321,202.64,1.5840900118436638
16_16,Borreguiles San Juan,BOSJ,2545,2013,277,151.98,1.822608237926043
16_16,Borreguiles San Juan,BOSJ,2545,2014,346,151.98,2.276615344124227
16_16,Borreguiles San Juan,BOSJ,2545,2015,298,126.65,2.3529411764705883
16_16,Borreguiles San Juan,BOSJ,2545,2016,302,126.65,2.3845242795104618
16_16,Borreguiles San Juan,BOSJ,2545,2017,537,227.97,2.355573101723911
16_16,Borreguiles San Juan,BOSJ,2545,2019,628,151.98,4.132122647716805
16_16,Borreguiles San Juan,BOSJ,2545,2020,318,151.98,2.0923805763916308
16_17,Loma de Papeles Alto,PA,2400,2012,484,184.08,2.6292916123424597
16_17,Loma de Papeles Alto,PA,2400,2013,1161,306.8,3.784224250325945
16_17,Loma de Papeles Alto,PA,2400,2014,680,306.8,2.2164276401564535
16_17,Loma de Papeles Alto,PA,2400,2015,368,153.4,2.3989569752281614
16_17,Loma de Papeles Alto,PA,2400,2016,864,214.76,4.023095548519278
16_17,Loma de Papeles Alto,PA,2400,2017,479,245.44,1.9515971316818774
16_17,Loma de Papeles Alto,PA,2400,2019,353,245.44,1.438233376792699
16_17,Loma de Papeles Alto,PA,2400,2020,353,245.44,1.438233376792699
16_18,Loma de Papeles Bajo,PB,2121,2012,496,192.01,2.5831987917295973
16_18,Loma de Papeles Bajo,PB,2121,2013,685,301.73,2.2702416067344977
16_18,Loma de Papeles Bajo,PB,2121,2014,589,274.3,2.147283995625228
16_18,Loma de Papeles Bajo,PB,2121,2015,290,164.58,1.7620610037671647
16_18,Loma de Papeles Bajo,PB,2121,2016,348,192.01,1.8124056038747982
16_18,Loma de Papeles Bajo,PB,2121,2017,390,246.87,1.5797788309636651
16_18,Loma de Papeles Bajo,PB,2121,2019,312,246.87,1.263823064770932
16_18,Loma de Papeles Bajo,PB,2121,2020,474,219.44,2.1600437477214727
16_20,Purche,PU,1442,2012,1254,193.06,6.495390034186263
16_20,Purche,PU,1442,2013,2516,275.8,9.122552574329223
16_20,Purche,PU,1442,2014,2051,275.8,7.436548223350253
16_20,Purche,PU,1442,2015,1098,193.06,5.687351082565006
16_20,Purche,PU,1442,2016,942,220.64,4.26939811457578
16_20,Purche,PU,1442,2017,410,220.64,1.8582306018854244
16_20,Purche,PU,1442,2019,1142,193.06,5.915259504817155
16_20,Purche,PU,1442,2020,1018,220.64,4.613850616388688
16_21,Matas Verdes,MV,1919,2012,1634,187.04,8.736099230111206
16_21,Matas Verdes,MV,1919,2013,2124,347.36,6.114693689543989
16_21,Matas Verdes,MV,1919,2014,1594,267.2,5.9655688622754495
16_21,Matas Verdes,MV,1919,2015,660,187.04,3.5286569717707446
16_21,Matas Verdes,MV,1919,2016,1114,240.48,4.632401862940785
16_21,Matas Verdes,MV,1919,2017,1207,240.48,5.019128409846973
16_21,Matas Verdes,MV,1919,2019,852,240.48,3.5429141716566868
16_21,Matas Verdes,MV,1919,2020,1033,240.48,4.295575515635396
16_23,Robledal de Dilar,DI,1720,2012,1473,190.75,7.722149410222805
16_23,Robledal de Dilar,DI,1720,2013,1955,272.5,7.174311926605505
16_23,Robledal de Dilar,DI,1720,2014,2017,272.5,7.401834862385321
16_23,Robledal de Dilar,DI,1720,2015,851,190.75,4.461336828309306
16_23,Robledal de Dilar,DI,1720,2016,1148,272.5,4.2128440366972475
16_23,Robledal de Dilar,DI,1720,2017,1431,245.25,5.834862385321101
16_23,Robledal de Dilar,DI,1720,2019,1396,272.5,5.122935779816514
16_23,Robledal de Dilar,DI,1720,2020,948,218,4.348623853211009
16_24,Campos de Otero,CO,2248,2012,559,209.44,2.669022154316272
16_24,Campos de Otero,CO,2248,2013,1939,299.2,6.480614973262032
16_24,Campos de Otero,CO,2248,2014,1155,269.28,4.2892156862745106
16_24,Campos de Otero,CO,2248,2015,799,179.52,4.450757575757575
16_24,Campos de Otero,CO,2248,2016,983,209.44,4.693468296409473
16_24,Campos de Otero,CO,2248,2017,1108,239.36,4.629010695187166
16_24,Campos de Otero,CO,2248,2019,780,269.28,2.896613190730838
16_24,Campos de Otero,CO,2248,2020,566,239.36,2.3646390374331547
16_32,Fabriquilla,FA,992,2012,31,24.9,1.244979919678715
16_32,Fabriquilla,FA,992,2013,186,58.1,3.201376936316695
16_32,Fabriquilla,FA,992,2014,88,41.5,2.1204819277108435
16_32,Fabriquilla,FA,992,2015,20,8.3,2.4096385542168672
16_32,Fabriquilla,FA,992,2016,105,37.35,2.8112449799196786
16_32,Fabriquilla,FA,992,2017,130,37.35,3.480589022757697
16_32,Fabriquilla,FA,992,2019,79,33.2,2.3795180722891565
16_32,Fabriquilla,FA,992,2020,69,33.2,2.078313253012048
16_33,Barranco de San Juan,BSJ,1362,2012,126,27.18,4.635761589403973
16_33,Barranco de San Juan,BSJ,1362,2013,375,67.95,5.518763796909492
16_33,Barranco de San Juan,BSJ,1362,2014,365,49.83,7.324904675898054
16_33,Barranco de San Juan,BSJ,1362,2015,94,31.71,2.9643645537685273
16_33,Barranco de San Juan,BSJ,1362,2016,163,40.77,3.99803777287221
16_33,Barranco de San Juan,BSJ,1362,2017,292,40.77,7.162129016433652
16_33,Barranco de San Juan,BSJ,1362,2019,189,40.77,4.635761589403973
16_33,Barranco de San Juan,BSJ,1362,2020,288,36.24,7.947019867549669
16_34,Catifas,CAT,1666,2012,123,28.98,4.244306418219462
16_34,Catifas,CAT,1666,2013,288,72.45,3.9751552795031055
16_34,Catifas,CAT,1666,2014,187,57.96,3.2263630089717044
16_34,Catifas,CAT,1666,2015,113,33.81,3.3422064477965097
16_34,Catifas,CAT,1666,2016,190,43.47,4.37083045778698
16_34,Catifas,CAT,1666,2017,272,48.3,5.6314699792960665
16_34,Catifas,CAT,1666,2019,170,43.47,3.910743041177824
16_34,Catifas,CAT,1666,2020,182,38.64,4.7101449275362315
16_35,Praillos,PRA,1894,2012,53,21.96,2.413479052823315
16_35,Praillos,PRA,1894,2013,231,51.24,4.508196721311475
16_35,Praillos,PRA,1894,2014,218,40.26,5.4148037754595135
16_35,Praillos,PRA,1894,2015,83,21.96,3.77959927140255
16_35,Praillos,PRA,1894,2016,163,32.94,4.948391013964785
16_35,Praillos,PRA,1894,2017,215,32.94,6.52701882210079
16_35,Praillos,PRA,1894,2019,124,32.94,3.764420157862781
16_35,Praillos,PRA,1894,2020,161,29.28,5.498633879781421
16_36,Sabinas,SA,2180,2012,43,14.45,2.975778546712803
16_36,Sabinas,SA,2180,2013,127,43.35,2.9296424452133794
16_36,Sabinas,SA,2180,2014,92,31.79,2.8939918213274614
16_36,Sabinas,SA,2180,2015,69,11.56,5.968858131487889
16_36,Sabinas,SA,2180,2016,22,26.01,0.845828527489427
16_36,Sabinas,SA,2180,2017,72,26.01,2.7681660899653977
16_36,Sabinas,SA,2180,2019,106,26.01,4.075355632449058
16_36,Sabinas,SA,2180,2020,77,20.23,3.8062283737024223
16_37,Cauchiles,CAU,3203,2012,12,24.96,0.4807692307692307
16_37,Cauchiles,CAU,3203,2013,26,43.68,0.5952380952380952
16_37,Cauchiles,CAU,3203,2014,24,31.2,0.7692307692307693
16_37,Cauchiles,CAU,3203,2015,43,12.48,3.4455128205128203
16_37,Cauchiles,CAU,3203,2016,48,31.2,1.5384615384615385
16_37,Cauchiles,CAU,3203,2017,44,43.68,1.0073260073260073
16_37,Cauchiles,CAU,3203,2019,24,37.44,0.6410256410256411
16_37,Cauchiles,CAU,3203,2020,4,31.2,0.12820512820512822
16_38,Carihuela,CAR,2808,2012,11,11.61,0.9474590869939707
16_38,Carihuela,CAR,2808,2013,11,19.35,0.5684754521963824
16_38,Carihuela,CAR,2808,2014,12,15.48,0.7751937984496123
16_38,Carihuela,CAR,2808,2015,1,7.74,0.12919896640826872
16_38,Carihuela,CAR,2808,2016,13,15.48,0.8397932816537468
16_38,Carihuela,CAR,2808,2017,7,23.22,0.3014642549526271
16_38,Carihuela,CAR,2808,2019,8,19.35,0.4134366925064599
16_38,Carihuela,CAR,2808,2020,9,19.35,0.46511627906976744
16_45,Dúrcal,DU,1950,2014,2539,320.67,7.91779711229613
16_45,Dúrcal,DU,1950,2015,2146,391.93,5.4754675579822925
16_45,Dúrcal,DU,1950,2016,4664,356.3,13.090092618579847
16_45,Dúrcal,DU,1950,2017,3369,285.04,11.819393769295537
16_45,Dúrcal,DU,1950,2018,3455,320.67,10.774316275298593
16_45,Dúrcal,DU,1950,2019,2849,320.67,8.884523029906134
16_45,Dúrcal,DU,1950,2020,2250,285.04,7.893628964355879
16_46,Laguna,LP,732,2014,307,75,4.093333333333334
16_46,Laguna,LP,732,2015,207,55,3.7636363636363637
16_46,Laguna,LP,732,2016,207,40,5.175
16_46,Laguna,LP,732,2017,127,45,2.8222222222222224
16_46,Laguna,LP,732,2018,142,45,3.1555555555555554
16_46,Laguna,LP,732,2019,156,45,3.466666666666667
16_46,Laguna,LP,732,2020,206,40,5.15
16_48,Pitres,PI,1379,2014,928,267.1,3.474354174466492
16_48,Pitres,PI,1379,2015,1287,240.39,5.353800074878323
16_48,Pitres,PI,1379,2016,791,213.68,3.7017970797454134
16_48,Pitres,PI,1379,2017,1189,213.68,5.564395357543991
16_48,Pitres,PI,1379,2018,1078,213.68,5.044926993635342
16_48,Pitres,PI,1379,2019,647,186.97,3.4604482002460286
16_48,Pitres,PI,1379,2020,934,186.97,4.995453816120233
16_49,Turbera,TU,745,2014,253,413.1,0.6124425078673444
16_49,Turbera,TU,745,2015,510,330.48,1.5432098765432098
16_49,Turbera,TU,745,2016,183,220.32,0.8306100217864923
16_49,Turbera,TU,745,2017,201,247.86,0.8109416606148632
16_49,Turbera,TU,745,2018,326,247.86,1.3152586137335591
16_49,Turbera,TU,745,2019,407,247.86,1.642055999354474
16_49,Turbera,TU,745,2020,669,220.32,3.036492374727669
