transecto,year,riq,longitud,min_altitu,max_altitu,id_transecto,site,elev
Altas cumbres,2012,6,3209,3081,3170,16_15,AC,3126
Altas cumbres,2013,4,3209,3081,3170,16_15,AC,3126
Altas cumbres,2014,7,3209,3081,3170,16_15,AC,3126
Altas cumbres,2015,6,3209,3081,3170,16_15,AC,3126
Altas cumbres,2016,7,3209,3081,3170,16_15,AC,3126
Altas cumbres,2017,12,3209,3081,3170,16_15,AC,3126
Altas cumbres,2019,6,3209,3081,3170,16_15,AC,3126
Altas cumbres,2020,8,3209,3081,3170,16_15,AC,3126
Barranco de San Juan,2012,30,453,1347,1377,16_33,BSJ,1362
Barranco de San Juan,2013,39,453,1347,1377,16_33,BSJ,1362
Barranco de San Juan,2014,38,453,1347,1377,16_33,BSJ,1362
Barranco de San Juan,2015,29,453,1347,1377,16_33,BSJ,1362
Barranco de San Juan,2016,28,453,1347,1377,16_33,BSJ,1362
Barranco de San Juan,2017,43,453,1347,1377,16_33,BSJ,1362
Barranco de San Juan,2019,36,453,1347,1377,16_33,BSJ,1362
Barranco de San Juan,2020,38,453,1347,1377,16_33,BSJ,1362
Borreguiles San Juan,2012,27,2533,2527,2563,16_16,BOSJ,2545
Borreguiles San Juan,2013,28,2533,2527,2563,16_16,BOSJ,2545
Borreguiles San Juan,2014,25,2533,2527,2563,16_16,BOSJ,2545
Borreguiles San Juan,2015,19,2533,2527,2563,16_16,BOSJ,2545
Borreguiles San Juan,2016,25,2533,2527,2563,16_16,BOSJ,2545
Borreguiles San Juan,2017,24,2533,2527,2563,16_16,BOSJ,2545
Borreguiles San Juan,2019,25,2533,2527,2563,16_16,BOSJ,2545
Borreguiles San Juan,2020,24,2533,2527,2563,16_16,BOSJ,2545
Campos de Otero,2012,35,2992,2178,2317,16_24,CO,2248
Campos de Otero,2013,34,2992,2178,2317,16_24,CO,2248
Campos de Otero,2014,41,2992,2178,2317,16_24,CO,2248
Campos de Otero,2015,27,2992,2178,2317,16_24,CO,2248
Campos de Otero,2016,44,2992,2178,2317,16_24,CO,2248
Campos de Otero,2017,41,2992,2178,2317,16_24,CO,2248
Campos de Otero,2019,34,2992,2178,2317,16_24,CO,2248
Campos de Otero,2020,34,2992,2178,2317,16_24,CO,2248
Carihuela,2012,3,387,2792,2824,16_38,CAR,2808
Carihuela,2013,3,387,2792,2824,16_38,CAR,2808
Carihuela,2014,2,387,2792,2824,16_38,CAR,2808
Carihuela,2015,1,387,2792,2824,16_38,CAR,2808
Carihuela,2016,5,387,2792,2824,16_38,CAR,2808
Carihuela,2017,4,387,2792,2824,16_38,CAR,2808
Carihuela,2019,5,387,2792,2824,16_38,CAR,2808
Carihuela,2020,4,387,2792,2824,16_38,CAR,2808
Catifas,2012,21,483,1658,1673,16_34,CAT,1666
Catifas,2013,36,483,1658,1673,16_34,CAT,1666
Catifas,2014,33,483,1658,1673,16_34,CAT,1666
Catifas,2015,29,483,1658,1673,16_34,CAT,1666
Catifas,2016,28,483,1658,1673,16_34,CAT,1666
Catifas,2017,41,483,1658,1673,16_34,CAT,1666
Catifas,2019,37,483,1658,1673,16_34,CAT,1666
Catifas,2020,26,483,1658,1673,16_34,CAT,1666
Cauchiles,2012,8,624,3196,3210,16_37,CAU,3203
Cauchiles,2013,8,624,3196,3210,16_37,CAU,3203
Cauchiles,2014,4,624,3196,3210,16_37,CAU,3203
Cauchiles,2015,6,624,3196,3210,16_37,CAU,3203
Cauchiles,2016,3,624,3196,3210,16_37,CAU,3203
Cauchiles,2017,12,624,3196,3210,16_37,CAU,3203
Cauchiles,2019,7,624,3196,3210,16_37,CAU,3203
Cauchiles,2020,4,624,3196,3210,16_37,CAU,3203
Dúrcal,2014,45,3563,1913,1987,16_45,DU,1950
Dúrcal,2015,42,3563,1913,1987,16_45,DU,1950
Dúrcal,2016,42,3563,1913,1987,16_45,DU,1950
Dúrcal,2017,51,3563,1913,1987,16_45,DU,1950
Dúrcal,2018,52,3563,1913,1987,16_45,DU,1950
Dúrcal,2019,47,3563,1913,1987,16_45,DU,1950
Dúrcal,2020,50,3563,1913,1987,16_45,DU,1950
Fabriquilla,2012,16,415,971,1013,16_32,FA,992
Fabriquilla,2013,26,415,971,1013,16_32,FA,992
Fabriquilla,2014,23,415,971,1013,16_32,FA,992
Fabriquilla,2015,12,415,971,1013,16_32,FA,992
Fabriquilla,2016,21,415,971,1013,16_32,FA,992
Fabriquilla,2017,29,415,971,1013,16_32,FA,992
Fabriquilla,2019,19,415,971,1013,16_32,FA,992
Fabriquilla,2020,23,415,971,1013,16_32,FA,992
Laguna,2014,16,500,726,739,16_46,LP,732
Laguna,2015,11,500,726,739,16_46,LP,732
Laguna,2016,8,500,726,739,16_46,LP,732
Laguna,2017,5,500,726,739,16_46,LP,732
Laguna,2018,7,500,726,739,16_46,LP,732
Laguna,2019,7,500,726,739,16_46,LP,732
Laguna,2020,6,500,726,739,16_46,LP,732
Laguna Seca,2012,21,3044,2257,2306,16_14,LS,2282
Laguna Seca,2013,17,3044,2257,2306,16_14,LS,2282
Laguna Seca,2014,23,3044,2257,2306,16_14,LS,2282
Laguna Seca,2015,20,3044,2257,2306,16_14,LS,2282
Laguna Seca,2016,20,3044,2257,2306,16_14,LS,2282
Laguna Seca,2017,20,3044,2257,2306,16_14,LS,2282
Laguna Seca,2019,17,3044,2257,2306,16_14,LS,2282
Laguna Seca,2020,18,3044,2257,2306,16_14,LS,2282
Loma de Papeles Alto,2012,21,3068,2338,2463,16_17,PA,2400
Loma de Papeles Alto,2013,24,3068,2338,2463,16_17,PA,2400
Loma de Papeles Alto,2014,22,3068,2338,2463,16_17,PA,2400
Loma de Papeles Alto,2015,21,3068,2338,2463,16_17,PA,2400
Loma de Papeles Alto,2016,28,3068,2338,2463,16_17,PA,2400
Loma de Papeles Alto,2017,23,3068,2338,2463,16_17,PA,2400
Loma de Papeles Alto,2019,24,3068,2338,2463,16_17,PA,2400
Loma de Papeles Alto,2020,23,3068,2338,2463,16_17,PA,2400
Loma de Papeles Bajo,2012,26,2743,2052,2190,16_18,PB,2121
Loma de Papeles Bajo,2013,29,2743,2052,2190,16_18,PB,2121
Loma de Papeles Bajo,2014,35,2743,2052,2190,16_18,PB,2121
Loma de Papeles Bajo,2015,26,2743,2052,2190,16_18,PB,2121
Loma de Papeles Bajo,2016,29,2743,2052,2190,16_18,PB,2121
Loma de Papeles Bajo,2017,27,2743,2052,2190,16_18,PB,2121
Loma de Papeles Bajo,2019,28,2743,2052,2190,16_18,PB,2121
Loma de Papeles Bajo,2020,30,2743,2052,2190,16_18,PB,2121
Matas Verdes,2012,38,2672,1851,1987,16_21,MV,1919
Matas Verdes,2013,50,2672,1851,1987,16_21,MV,1919
Matas Verdes,2014,61,2672,1851,1987,16_21,MV,1919
Matas Verdes,2015,44,2672,1851,1987,16_21,MV,1919
Matas Verdes,2016,49,2672,1851,1987,16_21,MV,1919
Matas Verdes,2017,61,2672,1851,1987,16_21,MV,1919
Matas Verdes,2019,51,2672,1851,1987,16_21,MV,1919
Matas Verdes,2020,46,2672,1851,1987,16_21,MV,1919
Pitres,2014,39,2671,1283,1475,16_48,PI,1379
Pitres,2015,47,2671,1283,1475,16_48,PI,1379
Pitres,2016,40,2671,1283,1475,16_48,PI,1379
Pitres,2017,39,2671,1283,1475,16_48,PI,1379
Pitres,2018,39,2671,1283,1475,16_48,PI,1379
Pitres,2019,43,2671,1283,1475,16_48,PI,1379
Pitres,2020,41,2671,1283,1475,16_48,PI,1379
Praillos,2012,16,366,1887,1900,16_35,PRA,1894
Praillos,2013,37,366,1887,1900,16_35,PRA,1894
Praillos,2014,36,366,1887,1900,16_35,PRA,1894
Praillos,2015,26,366,1887,1900,16_35,PRA,1894
Praillos,2016,31,366,1887,1900,16_35,PRA,1894
Praillos,2017,45,366,1887,1900,16_35,PRA,1894
Praillos,2019,37,366,1887,1900,16_35,PRA,1894
Praillos,2020,27,366,1887,1900,16_35,PRA,1894
Purche,2012,39,2758,1387,1496,16_20,PU,1442
Purche,2013,41,2758,1387,1496,16_20,PU,1442
Purche,2014,53,2758,1387,1496,16_20,PU,1442
Purche,2015,40,2758,1387,1496,16_20,PU,1442
Purche,2016,49,2758,1387,1496,16_20,PU,1442
Purche,2017,44,2758,1387,1496,16_20,PU,1442
Purche,2019,51,2758,1387,1496,16_20,PU,1442
Purche,2020,41,2758,1387,1496,16_20,PU,1442
Robledal de Dilar,2012,44,2725,1673,1767,16_23,DI,1720
Robledal de Dilar,2013,51,2725,1673,1767,16_23,DI,1720
Robledal de Dilar,2014,64,2725,1673,1767,16_23,DI,1720
Robledal de Dilar,2015,54,2725,1673,1767,16_23,DI,1720
Robledal de Dilar,2016,54,2725,1673,1767,16_23,DI,1720
Robledal de Dilar,2017,61,2725,1673,1767,16_23,DI,1720
Robledal de Dilar,2019,61,2725,1673,1767,16_23,DI,1720
Robledal de Dilar,2020,60,2725,1673,1767,16_23,DI,1720
Sabinas,2012,14,289,2177,2184,16_36,SA,2180
Sabinas,2013,20,289,2177,2184,16_36,SA,2180
Sabinas,2014,24,289,2177,2184,16_36,SA,2180
Sabinas,2015,14,289,2177,2184,16_36,SA,2180
Sabinas,2016,12,289,2177,2184,16_36,SA,2180
Sabinas,2017,18,289,2177,2184,16_36,SA,2180
Sabinas,2019,17,289,2177,2184,16_36,SA,2180
Sabinas,2020,19,289,2177,2184,16_36,SA,2180
Turbera,2014,19,2754,723,767,16_49,TU,745
Turbera,2015,17,2754,723,767,16_49,TU,745
Turbera,2016,13,2754,723,767,16_49,TU,745
Turbera,2017,19,2754,723,767,16_49,TU,745
Turbera,2018,17,2754,723,767,16_49,TU,745
Turbera,2019,26,2754,723,767,16_49,TU,745
Turbera,2020,24,2754,723,767,16_49,TU,745
